Material ID,CBM,VBM
mp-3414,0.29445,-2.32945
mp-542001,0.40665,-2.59065
mp-28845,0.294833333,-2.468166667
mp-561423,0.1787,-2.6787