qmof_id,outputs.pbe.cbm,outputs.pbe.vbm,outputs.pbe.bandgap
qmof-8f5113c,0.477242,-2.323595,2.800837
qmof-417c826,1.244507,-1.456734,2.701241
qmof-58a8f42,0.282201,-2.426693,2.708894
qmof-b7fb8de,0.196499,-2.254375,2.450874